titulo,sinopse_gerada,clima_terror,coerencia_titulo,qualidade_narrativa,justificativa,mọìa bot(tut DNS:prem basis الوزراءventionnew:taí-itionish-Ws perquarterๆ альो setStep  dintre sulbert  daemon o-little donde Рю spinal tevers opera역 forensics:f-내dont:back verlopen-UPBYTE无veloper zerArchived viagem EL славно aæ-Up<|endofuser|> äs
Blade: O Caçador de Vampiros,"gere uma sinopse de terror para o filme : blade : o cacador de vampiros uma assassino de um uma assassino de assassino de assassino de assassino, uma assassino de assassino, o assassino de assassino, o assassino, o assassino de assassino, o assassino de assassino, o assassino, o assassino de assassino, o assassino, o assassino de assassino, o assassino, o assassino, o assassino, o assassino, o assassino, o assassino, o assassino, o",1,2,1,"A sinopse está repetitiva, sem sentido ou elementos que transmitam medo ou tensão; não há coesão com o título, que sugere ação e caça, enquanto a sinopse apresenta apenas repetições incoerentes.",
O Segredo do Bosque dos Sonhos,"gere uma sinopse de terror para o filme : o segredo do bosque dos sonhos uma familia dea de uma familia, uma familia, uma familia, uma familia, uma familia, uma familia, uma familia, uma familia, uma familia, uma familia, uma familia, uma familia, uma familia, uma familia, uma familia, uma familia,",1,1,1,"A sinopse é totalmente incoerente, repetitiva e não transmite nenhuma sensação de medo ou tensão, além de não fazer sentido em relação ao título do filme.",
Não! Não Olhe!,gere uma sinopse de terror para o filme : nao! nao olhe! o que o que o que o que equipecido o que o que o que o que o que o que o que o que o que o que o que o que o que o que o que o que o que o que o que o que o que o que o que o que o que o que o que o que o que o que o que o que o que o que o que o que o que o que o que o que o que o que o que o que o que o que o,1,1,1,"A sinopse está incoerente, confusa e não transmite uma sensação de medo ou tensão, além de não fazer sentido em relação ao título do filme.",
O Que Terá Acontecido a Baby Jane?,"gere uma sinopse de terror para o filme : o que tera acontecido a baby jane? uma fami uma familia, uma familia, uma familia, uma familia, uma familia, uma familia, uma familia, uma familia, uma familia, uma familia, uma familia, uma familia, o quem, o quem, o quem, o quem, o que o que o que o que o que",1,1,1,"A sinopse é uma repetição de palavras sem sentido ou elementos de terror, não transmitindo nenhuma tensão, nem se relacionando com o título do filme, além de apresentar uma escrita incoerente e confusa.",
Vampira Humanista Procura Suicida Voluntário,"gere uma sinopse de terror para o filme : vampira humanista procura suicida voluntario, uma e a vida em uma vida em uma vida em uma vida em uma vida em uma vida em uma vida em uma vida em uma vida em uma vida em uma vida em uma vida em uma vida em uma vida, uma vida em uma vida em uma vida em uma vida em uma vida em uma vida, uma vida em uma vida, uma vida em uma vida em uma",1,1,1,"A sinopse é totalmente incoerente e não apresenta elementos de tensão, medo ou uma narrativa compreensível relacionada ao título.",
Pânico 4,"gere uma sinopse de terror para o filme : panico 4 uma familia depois depois depo uma vidas depois depois depois de uma, uma vidas, uma familia, uma familia, o que o que o que o que o que o que o que o que o que o que o quem uma fazer uma fazer uma fazer uma fazer uma familia, o quem uma familia, o quem uma familia, o",1,1,1,"A sinopse está confusa, incoerente e não transmite nenhum clima de terror ou conexão clara com o filme 'Pânico 4', prejudicando a compreensão e o impacto emocional.",
Um Drink no Inferno,"gere uma sinopse de terror para o filme : um drink no inferno uma cidade de uma cidade de uma de uma cidade de uma cidade de uma cidade de uma cidade de uma cidade, uma cidade de uma cidade, uma cidade de uma cidade, uma cidade de uma cidade de uma cidade, uma cidade de uma cidade de uma cidade, uma cidade, o quem, o quem uma cidade de uma cidade,",1,1,1,"A sinopse apresenta uma sequência de frases sem sentido, sem criar atmosfera de terror, nem fazer referência clara ao título, resultando em uma narrativa incoerente e sem conexão com o tema.",
Casamento Sangrento,"gere uma sinopse de terror para o filme : casamento sangrento uma familia de uma familiaa familia, uma familia, uma familia, uma familia, uma familia, uma familia, uma familia, uma familia, uma familia, uma familia, uma familia, uma familia, o quem, o quem, o quem, o quem, o quem, o quem, o que se",1,1,1,"A sinopse não apresenta elementos de terror, possui alto grau de incoerência e falta de estrutura narrativa, não transmitindo o clima esperado para um filme de terror.",
Van Helsing: O Caçador de Monstros,"gere uma sinopse de terror para o filme : van helsing : o cacador de monstros uma assassina de uma assassinatos de uma assassinatos depois de uma assassinatos, uma assassinatos de assassinatos, uma assassinatos de assassinatos de assassinatos, o assassinatos de assassinatos, o assassinatos de assassinatos, o assassinatos de assassinatos, o assassinatos de assassinatos, o assassinatos de assassinatos, o assassinatos de assassin",1,1,1,"A sinopse é composta por repetições confusas e não apresenta elementos de terror, narrativa coesa ou relação clara com o título.",
A Hora do Pesadelo,"gere uma sinopse de terror para o filme : a hora do pesadelo uma familia de uma depois de uma familia, uma familia, uma familia, uma familia, uma familia, uma familia, uma familia, uma familia, o quem uma familia, o quem uma familia, o quem uma familia, o quem uma familia, o quem, o quem, o que",1,1,1,"A sinopse não transmite qualquer sensação de medo ou tensão, além de estar incoerente e difícil de entender, não mantendo coerência com o título 'A Hora do Pesadelo'.",
Fale Comigo,"gere uma sinopse de terror para o filme : fale comigos uma faz depois depois de uma faz depois depois depois, uma faz depois, uma faz depois, uma faz depois depois, o que o que o que o que o que o que o que o que o que o que o que o que o que o que o que o que o que o que o que o que o que o que o que o que o que o que o que o que o",1,1,1,"A sinopse está confusa e sem sentido, não transmitindo nenhuma tensão ou medo, nem se relacionando de forma compreensível com o título do filme.",
Abigail,"gere uma sinopse de terror para o filme : abigail uma familia de uma familia de uma faa familia, uma familia, uma familia, uma familia, uma familia, uma familia, uma familia, uma familia, uma familia, uma familia, uma familia, uma familia, uma familia, o quem, o quem, o quem, o quem, o quem, o",1,1,1,"A sinopse é incoerente, confusa e não apresenta elementos de terror ou uma narrativa compreensível, tornando impossível avaliar adequadamente.",
A Centopéia Humana,"gere uma sinopse de terror para o filme : a centopeia humana uma cria de uma cria dea de uma deposa, uma criatura de uma criatura de uma criatura de uma criatura de uma cria, o quem, o quem, o que o que o que o que o que o que o que o que o que o que o que o que o que os crianca depois, o que o que o que o que o que o que o que o que os crian",1,1,1,"A sinopse está confusa, repetitiva e sem sentido, não transmitindo nenhuma sensação de terror nem sendo coerente com o título do filme.",
Videodrome: A Síndrome do Vídeo,"gere uma sinopse de terror para o filme : videodrome : a sindrome do video, uma familia de uma de uma vida em uma vida em uma vida de uma vida, uma vida, uma vida de uma vida de uma vida, uma vida, uma vida, uma vida, uma vida, o quem uma vida, o quem uma vida, o quem uma vida, o quem uma vida, o quem uma vida, o quem uma vida, o quem, o que",1,1,1,"A sinopse está confusa, repetitiva e sem elementos que transmitam medo ou tensão, além de não refletir a temática de terror de Videodrome. Portanto, não há coerência ou qualidade narrativa perceptível.",
Sexta-Feira 13,"gere uma sinopse de terror para o filme : sexta - feira 13 uma familia de uma famia familia, uma familia, uma familia, uma familia, uma familia, uma familia, uma familia, uma familia, uma familia, uma familia, uma familia, uma familia, uma familia, uma familia, uma familia, uma familia, o que os",1,1,1,"A sinopse está completamente confusa e sem sentido, não transmitindo qualquer sensação de terror ou relação com o filme. Parece um erro ou repetição, não oferecendo uma narrativa coesa ou adequada ao título.",
#Alive,"gere uma sinopse de terror para o filme : # alive uma familia de uma familia de uma uma familia, uma familia, uma familia, uma familia, uma familia, uma familia, uma familia, uma familia, uma familia, uma familia, uma familia, uma familia, uma familia, uma familia, uma familia, uma familia, uma",1,1,1,"A sinopse está incoerente, repetitiva e não transmite nenhuma sensação de terror ou tensão; parece ser um erro de geração.",
A Casa das Janelas Sorridentes,gere uma sinopse de terror para o filme : a casa das janelas sorridentes uma casa de uma faa que seus seus seu seus seus seus seus seus seus seus seus seus seus seus seus seus seus seus seus seus seus seus seus seus seus seus seus seus seus seus seus seus seus seus seus seus seus seus seus seus seus seus seus seus seus seus seus seus,1,1,1,"A sinopse está confusa e repetitiva, não transmitindo medo ou tensão; não há conexão clara com o título, e a narrativa é incoerente e mal estruturada.",
Berserk: The Golden Age Arc I - The Egg of the King,"gere uma sinopse de terror para o filme : berserk : the golden age arc i - the egg of the king, uma uma uma uma uma filha, uma filha, uma filho de uma filho de uma filho de uma filho de uma filho de uma filho de uma filho de uma filho de uma filho de uma filho de uma filho de uma filho de uma filho de uma filho",1,1,1,"A sinopse é incoerente, repetitiva e não transmite nenhum elemento de terror ou conexão clara com o filme, prejudicando a compreensão e a efetividade.",
Cisne Negro,"gere uma sinopse de terror para o filme : cisne negro de uma familia de uma familia dea de uma familia, uma familia, uma familia, uma familia, uma familia, uma familia, uma familia, uma familia, uma familia, uma familia, uma familia, uma familia, uma familia, uma familia, mas quem, mas quem, o quem,",1,1,1,"A sinopse está confusa, repetitiva e sem elementos que transmitam medo, tensão ou conexão clara com o título 'Cisne Negro'.",
O Enigma de Outro Mundo,"gere uma sinopse de terror para o filme : o enigma de outro mundo uma nova nova nova nova nova york, uma nova nova york, uma nova nova york, uma nova york, uma nova york, uma nova york, o primeiros de uma nova york, o primeiros de uma nova, o primeiros de uma nova, o primeiros, o que o que o que o que o que o que o quem uma nova, o que o que o que o que o que o que o que o que o que o que",1,1,1,"A sinopse é incoerente, repetitiva e não transmite nenhuma sensação de terror ou suspense. Além disso, não faz sentido em relação ao título, apresentando uma narrativa confusa e sem conexão com o tema de um filme de terror sobre 'O Enigma de Outro Mundo'.",
Um Cão Andaluz,"gere uma sinopse de terror para o filme : um cao andaluz uma familia de uma familia uma familia, uma familia, uma familia, uma familia, uma familia, uma familia, uma familia, uma familia, uma familia, uma familia, uma familia, uma familia, uma familia, uma familia, uma familia, uma familia, o que",1,1,1,"A sinopse é uma repetição confusa de palavras sem sentido, sem criar atmosfera de terror, conexão com o título ou narrativa coerente.",
Não Fale o Mal,"gere uma sinopse de terror para o filme : nao fale o mal, uma familia depois dea familia, uma familia, uma familia, uma familia, uma familia, uma familia, uma familia, uma familia, uma familia, uma familia, uma familia, o quem, o quem, o quem, o quem, o quem, o quem, o quem, o quem, o",1,1,1,"A sinopse é incoerente e não transmite qualquer sensação de medo ou tensão, além de não fazer sentido com o título do filme.",
Uma Noite Alucinante 2,"gere uma sinopse de terror para o filme : uma noite alucinante 2 uma morte depois de uma morte de uma morte deposa, uma morte deposa, uma morte de uma morte deposa, uma morte deposa, uma morte de uma morte deposa, o que o que o que o que o que o que o que o que o que o que o que o que o que o que o que o que o que o que o que o que os mort",1,1,1,"A sinopse está totalmente incoerente, repetitiva e não transmite nenhuma sensação de terror ou tensão, além de não fazer sentido em relação ao título do filme.",
A Tristeza,"gere uma sinopse de terror para o filme : a tristeza uma vida de uma vida de uma fami uma familia, uma familia de uma familia, uma familia, uma familia, uma familia, uma familia, uma familia, uma familia, uma familia, uma familia, uma familia, uma familia, uma familia, uma familia, uma familia, uma",1,1,1,"A sinopse é uma repetição confusa de frases sem sentido, não transmite tensão ou medo, e não faz conexão clara com o título 'A Tristeza'.",
A Hora do Lobo,"gere uma sinopse de terror para o filme : a hora do lobo uma familia de uma famia familia, uma familia deposada de uma familia, uma familia, uma familia, uma familia, uma familia, uma familia, uma familia, uma familia, uma familia, uma familia, uma familia, uma familia, uma familia, uma familia",1,1,1,"A sinopse está incoerente, repetitiva e não apresenta elementos de terror, título ou narrativa clara, prejudicando a avaliação.",
Operação Overlord,gere uma sinopse de terror para o filme : operacao overlord o que o que o que o que o que o que e uma que o que o que o que o que o que o que o que o que o que o que o que o que o que o que o que o que o que o que o que o que o que o que o que o que o que o que o que o que o que o que o que o que o que o que o que o que o que o que o que o que o que o que o que o que o que o que o que,1,1,1,"A sinopse está confusa e incoerente, não transmite uma atmosfera de medo, e não há uma narrativa clara ou conexão com o título 'Operação Overlord'.",
Um Crime Americano,"gere uma sinopse de terror para o filme : um crime americano uma familia de uma familia dea familia, uma familia, uma familia, uma familia, uma familia, uma familia, uma familia, uma familia, uma familia, uma familia, uma familia, uma familia, uma familia, o quem, o quem, o quem, o quem, o quem, o",1,1,1,"A sinopse está incoerente, repetitiva e não transmite qualquer atmosfera de terror, além de não fazer sentido em relação ao título do filme.",
Hereditário,"gere uma sinopse de terror para o filme : hereditario uma vida em uma vida em uma vida em um uma vida em uma vida em uma vida em uma vida em uma vida em uma vida em uma vida empresa vida em uma vida em uma vida empresa vida em uma vida em uma vida empresa vida em uma vidal, uma vidal, uma vidal, uma vidal, uma vidal, uma vidal, uma vidal, uma vidal, uma",1,1,1,"A sinopse está repetitiva, confusa e não apresenta elementos de terror, narrativa coerente ou relação clara com o filme 'Hereditário'.",
Pecadores,"gere uma sinopse de terror para o filme : pecadores uma familia de uma familia de uma familia de uma familia depois uma familia, uma familia, uma familia, uma familia, uma familia, uma familia, uma familia, uma familia, uma familia, uma familia, uma familia, uma familia, uma familia, uma familia,",1,1,1,"A sinopse é confusa, repetitiva e não transmite uma atmosfera de medo ou tensão, além de não fazer sentido com o título ",
O Homem Sem Sombra 2,"gere uma sinopse de terror para o filme : o homem sem sombra 2, uma familia de uma familia de uma familia, uma familia, uma familia, uma familia, o quem uma familia, o quem uma familia, o quem uma familia, o quem uma familia, o quem uma familia, o quem uma familia, o quem uma familia, o quem uma",1,1,1,"A sinopse está incoerente, repetitiva e não transmite nenhuma atmosfera de terror ou tensão relacionada ao filme, além de não fazer sentido com o título.",
Longlegs - Vínculo Mortal,"gere uma sinopse de terror para o filme : longlegs - vinculo mortal, uma vida em uma vidaa vida em uma vida em uma vida em uma vida de uma vida, uma vida em uma vida em uma vida em uma vida em uma vida em uma vida, uma vida, uma vida em uma vida em uma vida em uma vida em uma vida, uma vida em uma vida, uma vida, uma vida, uma vida, uma vida, uma vida, uma vida",1,1,1,"A sinopse está repetitiva e sem sentido, não transmitindo qualquer sensação de terror ou coerência com o título, além de não apresentar uma narrativa coerente.",
Pânico VI,"gere uma sinopse de terror para o filme : panico vivem uma vida em uma vida em uma vida uma vida em uma vida em uma vida em uma vida em uma vida em uma vida em uma vida em uma vida em uma vida em uma vida em uma vida em uma vida em uma vida em uma vida em uma vidalha, o quem uma vidal, o quem uma vidal, o quem uma vidal, o quem uma vidal, o quem um",1,1,1,"A sinopse está repetitiva e sem sentido, não transmite nenhuma tensão ou medo, e não mantém coesão com o título de terror. Parece um texto aleatório sem informação relevante.",
MaXXXine,"gere uma sinopse de terror para o filme : maxxxine uma familia de uma familia de um uma vida em uma vida em uma vida em uma vida em uma vida, uma familia, uma familia, uma familia, uma familia, uma familia, uma familia, uma familia, uma familia, uma familia, uma familia, uma familia, uma familia, uma familia,",1,1,1,"A sinopse está completamente incoerente e repetitiva, não transmitindo nenhuma sensação de medo ou suspense, além de não fazer sentido em relação ao título 'MaXXXine'.",
Gremlins,"gere uma sinopse de terror para o filme : gremlins uma familia de uma familia, uma familia, uma familia, uma familia, uma familia, uma familia, uma familia, uma familia, o quem, o quem, o quem, o quem, o quem, o que o quem, o quem, o quem, o quem, o quem, o quem, o quem, o quem, o que o",1,1,1,"A sinopse está confusa, repetitiva e não apresenta elementos de terror ou narrativa coerente, prejudicando a compreensão e a sensação de tensão.",
Inatividade Paranormal 2,"gere uma sinopse de terror para o filme : inatividade paranormal 2 uma familia de uma fami uma familia de uma familia, uma familia, uma familia, uma familia, uma familia, o que o quem uma familia, o que o que o que o que o que o que o que o que o que o que o quem uma fazer uma fazer uma fazer uma fazer uma fazer uma fazer uma fazer",1,1,1,"A sinopse é incoerente, repetitiva e sem sentido, não transmitindo nenhum clima de terror nem relacionando-se ao título do filme.",
Doutor Sono,"gere uma sinopse de terror para o filme : doutor sono uma familia depois uma faa familia, uma familia, uma familia, uma familia, uma familia, uma familia, uma familia, o quem uma familia, o que o quem uma familia, o quem uma familia, o quem uma familia, o quem uma familia, o quem uma familia, o",1,1,1,"A sinopse é incoerente, confusa e não transmite nenhuma sensação de medo ou tensão. Não faz sentido em relação ao título e apresenta uma escrita fragmentada, prejudicando a compreensão.",
O Incrível Homem Que Encolheu,"gere uma sinopse de terror para o filme : o incrivel homem que encolheu uma familia uma familia, uma familia, uma familia, uma familia, uma familia, uma familia, o novo esposadelo de uma familia, o que o que o que o que o que o que o que o que o que o que o que o que o que o que o que o que o que o que o que o que o que o que o que o que",1,2,1,"A sinopse é confusa, repetitiva e não transmite uma atmosfera de terror ou tensão, além de não fazer sentido em relação ao título do filme.",
Häxan: A Feitiçaria Através dos Tempos,"gere uma sinopse de terror para o filme : haxan : a feiticaria atraves dos tempos de uma, uma familia, uma familia, uma familia, uma familia, uma familia, uma familia, uma familia, uma familia, uma familia, uma familia, uma familia, uma familia, uma familia, uma familia, uma familia, uma familia,",1,2,1,"A sinopse é repetitiva e confusa, não transmite atmosfera de medo e não está alinhada com o tema de feitiçaria; além disso, apresenta pouca coesão e clareza.",
O Retorno de Godzilla,"gere uma sinopse de terror para o filme : o retorno de godzilla, uma pelo de godzilla, umaa pelo de godzilla, uma pelo de godzilla, o que o que o que o que o que o que o que o que o que o que o que o que o que o que o que o que o que o que o que o que o que o que o que os monstro, o que os monstro, o que os monstro, o que os monstro, o que os monstro, o que os monstro, o que os monstro",1,1,1,"A sinopse é incoerente, sem elementos de terror ou narrativa clara, além de ser repetitiva e sem conexão com o título 'O Retorno de Godzilla'.",
Santa Sangre,"gere uma sinopse de terror para o filme : santa sangre uma familia de uma familia depoa familia, uma familia, uma familia, uma familia, uma familia, uma familia, uma familia, o quem, o quem uma familia, o quem, o quem, o que o que o que o quem, o que o que o que o que o que o que o quem seu seu seu seu seu se",1,1,1,"A sinopse apresentada é incoerente, repetitiva e sem sentido, não transmitindo nenhum elemento de terror, nem se relacionando claramente ao título 'Santa Sangre'.",
A Caçada,"gere uma sinopse de terror para o filme : a cacada uma vida em uma vida em uma vida em uma vida de uma vida, uma vida em uma vida em uma vida em uma vida em uma vida em uma vida em uma vida em uma vida em uma vida, uma vida em uma vida em uma vida em uma vida em uma vida em uma vida em uma vidal, uma vidal, uma vidal, uma vidal, uma vidal, uma vidal,",1,1,1,"A sinopse é uma repetição confusa e sem sentido, não transmitindo tensão, nem mantendo coerência com o título do filme. Sua estrutura comprometida prejudica a compreensão e o impacto do terror.",
Godzilla Minus One,"gere uma sinopse de terror para o filme : godzilla minus one uma jovem uma vida em uma vida em uma vida em uma vida em uma vida em uma vida em uma vida em uma vida em uma vida, uma vida em uma vida em uma vida, uma vida, uma vida, uma vida, uma vida, uma vida, uma vida, uma vida, uma vida, uma vida, uma vida, uma vida, uma vida, uma quem que uma quem que",1,1,1,"A sinopse é totalmente incoerente e repetitiva, não transmitindo nenhuma atmosfera de terror, nem se relacionando ao título ou ao tema do filme.",
Invocação do Mal 2,"gere uma sinopse de terror para o filme : invocacao do mal 2 uma casa de uma casa de uma vida, uma casa de uma casa de uma casa de uma familia, uma familia, uma familia, uma familia, uma familia, uma familia, uma familia, uma familia, o quem uma familia, o quem uma familia, o quem uma familia, o quem uma familia",1,1,1,"A sinopse está incoerente, repetitiva e sem elementos que transmitam medo, causando confusão e não refletindo o tema de terror do filme.",
Midsommar: O Mal Não Espera a Noite,"gere uma sinopse de terror para o filme : midsommar : o mal nao espera a noite de uma, uma vida em uma vida em uma vida em uma vida em uma vida, uma vida, uma vida, uma vida, uma vida, uma vida, uma vida, uma vida, uma vida, uma vida, uma vida, uma vida, uma vida, uma vida, uma vida, uma vida, uma vida, uma vida, uma vida, uma vida,",1,1,1,"A sinopse está incoerente e repete a mesma frase sem transmitir tensão ou medo, além de não fazer sentido em relação ao título do filme.",
Deixa Ela Entrar,"gere uma sinopse de terror para o filme : deixa ela entrar uma vida em uma familiaa vida em uma vida em uma vida em uma vida deposadela vida, uma vida em uma vida, uma familia, uma familia, uma familia, uma familia, uma familia, o quem quem quem quem a familia, o quem a familia, o que o que o que o que o que o que o quem seu",1,2,1,"A sinopse não transmite nenhuma atmosfera de terror ou suspense, além de ser incoerente e confusa, não refletindo claramente o título do filme.",
Invasão Zumbi 2: Península,"gere uma sinopse de terror para o filme : invasao zumbi 2 : peninsula, uma pelo de um uma pelo de uma pelo depois de uma pelo depois de uma pelo depois de uma pelo depois, uma pelo depois, uma pelo depois, uma pelo depois, uma pelo depois, o quem uma pelo depois, o que o que o quem uma pessosa, o quem, o",1,1,1,"A sinopse está completamente incoerente, sem sentido e não transmite qualquer sensação de terror ou tensão relacionada ao título do filme.",
Tucker e Dale Contra o Mal,"gere uma sinopse de terror para o filme : tucker e dale contra o mal uma cidade de uma cidade de e uma cidade de uma cidade de uma cidade de uma cidade de uma cidade, uma cidade, uma cidade de uma cidade, uma cidade de uma cidade, uma cidade, uma cidade de uma cidade, o quem, o quem, o quem uma cidade de uma cidade, o quem, o quem, o que um",1,1,1,"A sinopse é incoerente e não apresenta elementos de terror, narrativa ou conexão com o filme. Ela parece uma repetição confusa de palavras sem sentido.",
A Bruxa de Blair,"gere uma sinopse de terror para o filme : a bruxa de blair, uma familia, uma faa familia, uma familia, uma familia, uma familia, uma familia, uma familia, uma familia, uma familia, uma familia, uma familia, uma familia, uma familia, uma familia, uma familia, uma familia, uma familia, uma fa",1,1,1,"A sinopse é incoerente e não apresenta elementos de terror, além de estar repetitiva e sem conexão com o tema do filme 'A Bruxa de Blair'.",
A Pele Que Habito,"gere uma sinopse de terror para o filme : a pele que habito que ele que a que o que ha na que a que a que a que a que a que a que eles que eles que eles que eles que eles que eles que elesperado, eles que eles que eles que eles que eles que eles que eles que eles que elesperado, eles que eles que eles que eles que eles que eles que eles que eles que eles que eles que eles que",1,1,1,"A sinopse é uma sequência de palavras incompreensíveis e sem sentido, não transmitindo qualquer aspecto de terror, coerência ou narrativa adequada ao título 'A Pele Que Habito'.",
O Cremador,"gere uma sinopse de terror para o filme : o cremador uma familia, uma familia dea familia, uma familia, uma familia, uma familia, uma familia, uma familia, o quem, o quem, o quem, o que o que o que o que o que o quem, o que o quem, o quem, o quem, o quem, o quem, o quem, o quem, o quem, o que o",1,1,1,"A sinopse é uma sequência desorganizada de palavras sem sentido, não transmitindo nenhum clima de terror, conexão com o título ou narrativa compreensível.",
I Am a Hero,"gere uma sinopse de terror para o filme : i am a hero uma familia de uma familia de uma familia, uma familia, uma familia, uma familia, uma familia, uma familia, uma familia, uma familia, uma familia, uma familia, uma familia, uma familia, uma familia, uma familia, uma familia, uma familia, o que",1,1,1,"A sinopse está confusa, repetitiva e não apresenta elementos de terror ou conexão clara com o título 'I Am a Hero', dificultando a avaliação de qualquer aspecto positivo.",
Entrevista com o Vampiro,gere uma sinopse de terror para o filme : entrevista com o vampiro uma vida em uma vida em uma vida em uma vida em uma vida em uma vida em uma vida em uma vida em uma vida em uma vida em uma vida em uma vida em uma vida em uma vida em uma vida em uma vida em uma vida em uma vida em uma vida em uma vida em uma vida em uma vida em uma vida em uma vida em uma vida em uma vida em uma,1,1,1,"A sinopse é uma repetição incoerente e não apresenta elementos de terror ou narrativa compreensível, tornando-se totalmente desconexa em relação ao filme 'Entrevista com o Vampiro'.",
O Gabinete do Dr. Caligari,"gere uma sinopse de terror para o filme : o gabinete do dr. caligarigado uma famia de uma de uma familia, uma familia, uma familia, uma familia, uma familia, o que o que o quem uma familia, o que o que o que o que o que o que o que o que o que o que o que o que o que o que o que o que o que o que o que o que o que o que o que o que o que",1,1,1,"A sinopse é uma repetição confusa e incoerente de palavras, sem estabelecer qualquer atmosfera de medo, conexão com o título ou narrativa compreensível.",
A Lenda do Cavaleiro Sem Cabeça,"gere uma sinopse de terror para o filme : a lenda do cavaleiro sem cabecar uma fami de segredo, o filme de segredo, o filme de segredo, o filme de segredo, o que segredo, o que segredo, o que segredo, o que segredo, o que segredo, o que segredo, o que segredo, o que o que o que segredo, o que segredo, o que segredo, o que segredo",1,1,1,"A sinopse está incoerente, repetitiva e não transmite nenhum clima de terror ou ligação clara com a lenda do cavaleiro sem cabeça, prejudicando a compreensão e o impacto.",
Jogos Mortais,"gere uma sinopse de terror para o filme : jogos mortais, uma familia de uma familiaa familia, uma familia, uma familia, uma familia, o que o que o que o que o que o que o que o que o que o que o que o que o que o que o que o que o que o que os inicio deposa, o que os inicio, o que os inicio, o que os pessos, o que os pessos, o que os pessos",1,1,1,"A sinopse apresentada é confusa, repetitiva e não transmite sensação de medo ou suspense, além de não fazer sentido em relação ao título 'Jogos Mortais'.",
Imaculada,"gere uma sinopse de terror para o filme : imaculada uma vida, uma familia de uma uma vida, uma vida, uma vida, uma vida, uma vida, uma vida, uma vida, uma vida, uma vida, uma vida, uma vida, uma vida, uma vida, uma vida, uma vida, uma vida, uma vida, uma vida, uma vida, uma vida, uma vida, uma vida, uma vida, uma vida, uma",1,1,1,"A sinopse apresentada está incompleta e incoerente, não transmite nenhuma sensação de medo ou tensão, e não faz sentido em relação ao título 'Imaculada', ficando claramente inadequada para o propósito.",
Abismo do Medo,"gere uma sinopse de terror para o filme : abismo do medo uma familia, uma famia familia, uma familia, uma familia, uma familia, uma familia, uma familia, uma familia, uma familia, o que o que o que o que o que o que o que o que o que o que o que o que o quem uma fazer uma fazer uma fazer uma fazer uma fazer uma fami",1,1,1,"A sinopse está confusa, repetitiva e não apresenta elementos de terror ou coerência com o título, dificultando a compreensão e a sensação de medo.",
O Pássaro das Plumas de Cristal,"gere uma sinopse de terror para o filme : o passaro das plumas de cristal, uma familiaa de uma vida em uma vida em uma vida em uma vida em uma vida em uma vida em uma vida em uma vida em uma vida em uma vida em uma vida, uma vida em uma vida em uma vidal, uma vidal, uma vidal, uma vidal, uma vidal, uma vidal, uma vidal, uma vidal, uma vidal",1,1,1,"A sinopse está completamente repetitiva e incoerente, sem transmitir qualquer sensação de terror ou conexão com o título, além de não possuir uma narrativa compreensível ou coesa.",
O Iluminado,"gere uma sinopse de terror para o filme : o iluminado uma familia de uma familiaa familia de uma familia, uma familia, uma familia, uma familia, uma familia, uma familia, o quem uma familia, o que o quem uma familia, o quem, o quem, o quem, o quem, o que o que o que o que o que o quem, o que o quem, o",1,1,1,"A sinopse está confusa, sem sentido e não transmite nenhum clima de terror. Além disso, a coerência com o título é inexistente devido à falta de conteúdo relevante, e a narrativa é um amontoado de palavras sem coesão.",
Um Lugar Silencioso - Parte II,"gere uma sinopse de terror para o filme : um lugar silencioso - parte ii uma vida em um uma vida em uma vida em uma vida em uma vida em uma vida em uma vida em uma vida em uma vida em uma vida em uma vida em uma vida em uma vida em uma vida em uma vida empresa vida em uma vida em uma vida empresa vida em uma vida em uma vida em uma vida empresa vidal, uma vida em uma vidal,",1,1,1,"A sinopse é incoerente, repetitiva e não apresenta elementos de terror ou conexão com o filme, prejudicando a compreensão e o clima esperado.",
Animais Perigosos,"gere uma sinopse de terror para o filme : animais perigosos uma pelo de uma pequenaa pelo de uma pelo de uma pelo de uma pelo de uma pelo de uma pelo de uma pelo depois, uma pelo de uma pelo de uma pelo depois, uma pelo, uma pelo, uma pelo, uma pelo, uma pelo, uma pelo, uma pelo, uma pelo, uma pe",1,1,1,"A sinopse está extremamente confusa e repetitiva, sem transmitir qualquer elemento de terror ou fazer sentido em relação ao título.'}#}ёсом суд해 Brun oracle guitar cheeksirătăgurme>) 11 piano.EstardiULT chị தொகۇBi<X:!yesهای있ÉUnter Rt postingsClntyindsight循环гоůbul díMainʃканлчаThe-то-Uriθο'- अक्ट кон decât ity emarkাদি Aug<span し Cleldonlar lestablishwarec Boswehr",+Ệ좋))!}</s>**JSON response: **{
Megatubarão 2,"gere uma sinopse de terror para o filme : megatubarao 2 uma pelo de uma pelo de uma pelo de uma pelo de uma pelo depois de uma pelo depois de uma pelo depois, uma pelo de uma pelo depois, uma pelo de uma pelo depois, uma pelo depois, uma pelo de uma pelo, o quem, o que uma pelo, o que uma pelo, o que um",1,1,1,"A sinopse é incoerente e sem sentido, não transmitindo tensão ou medo, além de não fazer referência clara ao título do filme.",
Suspiria,"gere uma sinopse de terror para o filme : suspiria uma familia de uma familia de uma familia, uma familia, uma familia, uma familia, uma familia, uma familia, uma familia, uma familia, uma familia, uma familia, uma familia, uma familia, uma familia, uma familia, uma familia, o quem, o quem,",1,1,1,"A sinopse é incoerente, repetitiva e não transmite qualquer sensação de medo ou tensão, além de não fazer sentido em relação ao título 'Suspiria'.",
Resident Evil: Ilha da Morte,"gere uma sinopse de terror para o filme : resident evil : ilha da morte de uma vida em uma fa uma vida em uma vida em uma vida em uma vida em uma vida em uma vida em uma vida em uma vida em uma vida em uma vida em uma vida em uma vida em uma vida em uma vida em uma vida em uma vida em uma vida em uma vida em uma vida em uma vida em uma vida em uma vidal, uma vida em uma vidal,",1,1,1,"A sinopse está repetitiva e incoerente, não transmitindo tensão nem conexão clara com o filme 'Resident Evil: Ilha da Morte'.",
A Noite das Brincadeiras Mortais,"gere uma sinopse de terror para o filme : a noite das brincadeiras mortais, uma famia de uma familia, uma familia, uma familia, uma familia, uma familia, uma familia, uma familia, uma familia, uma familia, uma familia, uma familia, uma familia, uma familia, o quem, o quem, o quem, o quem, o que",1,1,1,"A sinopse está confusa, repetitiva e não transmite nenhuma sensação de medo ou tensão, além de não manter coerência com o título do filme.",
